Workbook

Sheet Cronograma Detallado
A1: CRONOGRAMA DETALLADO - PROYECTO MONOKERA APP
A2: Caso 10 - Monokera | Institución Universitaria EAM | Desarrollo en Equipo - Semestre VIII | Duración: 28 de agosto al 19 de noviembre de 2026 (12 semanas; 6 sprints que abren el viernes y cierran el jueves)
A3: Equipo: Santiago Arias Mosquera - Esteban Pineda Ardila - Marlon Andres Campo - David Mauricio Torres. El liderazgo de fase es rotativo: ningún líder repite en dos fases técnicas consecutivas.
A5: ID | B5: Fase | C5: Actividad | D5: Líder Responsable | E5: Fecha Inicio | F5: Fecha Fin | G5: Días Hábiles | H5: Quincena | I5: Entregable Asociado | J5: Estado | K5: % Avance
A6: P-01 | B6: Fase Administrativa - Planeación | C6: Conformación del equipo y asignación de roles | D6: Santiago Arias Mosquera | E6: 46262 | F6: 46265 | G6: =NETWORKDAYS(E6,F6,Calendario!$B$14:$B$16) -> 2 | H6: Q1 | I6: Acta de constitución del proyecto | J6: Completado | K6: 1
A7: P-02 | B7: Fase Administrativa - Planeación | C7: Análisis del caso y definición del alcance del MVP | D7: Santiago Arias Mosquera | E7: 46262 | F7: 46267 | G7: =NETWORKDAYS(E7,F7,Calendario!$B$14:$B$16) -> 4 | H7: Q1 | I7: Acta de constitución del proyecto | J7: Completado | K7: 1
A8: P-03 | B8: Fase Administrativa - Planeación | C8: Selección y justificación del esquema metodológico | D8: Santiago Arias Mosquera | E8: 46266 | F8: 46269 | G8: =NETWORKDAYS(E8,F8,Calendario!$B$14:$B$16) -> 4 | H8: Q1 | I8: Esquema metodológico seleccionado | J8: Completado | K8: 1
A9: P-04 | B9: Fase Administrativa - Planeación | C9: Construcción del cronograma y la línea base | D9: Santiago Arias Mosquera | E9: 46268 | F9: 46273 | G9: =NETWORKDAYS(E9,F9,Calendario!$B$14:$B$16) -> 4 | H9: Q1 | I9: Cronograma del proyecto | J9: Completado | K9: 1
A10: P-05 | B10: Fase Administrativa - Planeación | C10: Elaboración del presupuesto y tabla de costos unitarios | D10: Santiago Arias Mosquera | E10: 46269 | F10: 46275 | G10: =NETWORKDAYS(E10,F10,Calendario!$B$14:$B$16) -> 5 | H10: Q1 | I10: Presupuesto y tabla de costos unitarios | J10: Completado | K10: 1
A11: A-01 | B11: Fase Técnica 1 - Análisis | C11: Identificación y clasificación de stakeholders | D11: Santiago Arias Mosquera | E11: 46268 | F11: 46274 | G11: =NETWORKDAYS(E11,F11,Calendario!$B$14:$B$16) -> 5 | H11: Q1 | I11: Matriz de stakeholders | J11: Completado | K11: 1
A12: A-02 | B12: Fase Técnica 1 - Análisis | C12: Entrevistas con Legal, Actuaría, Marketing y Producto | D12: Santiago Arias Mosquera | E12: 46272 | F12: 46280 | G12: =NETWORKDAYS(E12,F12,Calendario!$B$14:$B$16) -> 7 | H12: Q2 | I12: Bitácora de reuniones | J12: Completado | K12: 1
A13: A-03 | B13: Fase Técnica 1 - Análisis | C13: Levantamiento de requerimientos funcionales y no funcionales | D13: Santiago Arias Mosquera | E13: 46274 | F13: 46282 | G13: =NETWORKDAYS(E13,F13,Calendario!$B$14:$B$16) -> 7 | H13: Q2 | I13: Documento de historias de usuario | J13: Completado | K13: 1
A14: A-04 | B14: Fase Técnica 1 - Análisis | C14: Redacción de historias de usuario con criterios de aceptación | D14: Santiago Arias Mosquera | E14: 46279 | F14: 46286 | G14: =NETWORKDAYS(E14,F14,Calendario!$B$14:$B$16) -> 6 | H14: Q2 | I14: Documento de historias de usuario | J14: En curso | K14: 0.85
A15: A-05 | B15: Fase Técnica 1 - Análisis | C15: Priorización del backlog (MoSCoW + valor/esfuerzo) | D15: Santiago Arias Mosquera | E15: 46281 | F15: 46288 | G15: =NETWORKDAYS(E15,F15,Calendario!$B$14:$B$16) -> 6 | H15: Q2 | I15: Backlog priorizado | J15: En curso | K15: 0.7
A16: A-06 | B16: Fase Técnica 1 - Análisis | C16: Construcción de la matriz de riesgos inicial | D16: Santiago Arias Mosquera | E16: 46282 | F16: 46288 | G16: =NETWORKDAYS(E16,F16,Calendario!$B$14:$B$16) -> 5 | H16: Q2 | I16: Matriz de riesgos inicial | J16: En curso | K16: 0.6
A17: A-07 | B17: Fase Técnica 1 - Análisis | C17: Validación del alcance del MVP con el cliente | D17: Santiago Arias Mosquera | E17: 46287 | F17: 46289 | G17: =NETWORKDAYS(E17,F17,Calendario!$B$14:$B$16) -> 3 | H17: Q2 | I17: Acta de validación de alcance | J17: Pendiente | K17: 0
... A41: X-02 | B41: Reserva de Contingencia | C41: Holgura para re-trabajo por hallazgos de usabilidad | D41: Santiago Arias Mosquera | E41: 46338 | F41: 46343 | G41: =NETWORKDAYS(E41,F41,Calendario!$B$14:$B$16) -> 3 | H41: Q6 | I41: Análisis de impacto en tiempo y costo | J41: Reserva | K41: 0
A42: =COUNTA(A6:A41) -> 36 | C42: TOTAL ACTIVIDADES / AVANCE GLOBAL PONDERADO | G42: =SUM(G6:G41) -> 286 | K42: =SUMPRODUCT(G6:G41,K6:K41)/SUM(G6:G41) -> 0.29545455
B44: Avance global ponderado por días hábiles de cada actividad. Corte de cálculo: 17 de septiembre de 2026. Los días hábiles excluyen sábados, domingos y los festivos de Colombia listados en la hoja Calendario.
B45: Las filas X-01 y X-02 son reservas de contingencia: no representan trabajo planificado sino holgura para absorber cambios de alcance o regulatorios.

Sheet Hitos y Seguimientos
A1: HITOS PRINCIPALES Y ENTREGAS QUINCENALES
A2: Fechas de seguimiento definidas por el docente en el numeral 2.11 del documento del caso.
A4: Hito | B4: Tipo | C4: Fecha / Periodo | D4: Fase asociada | E4: Responsable | F4: Entregables comprometidos | G4: Estado
A5: H-00 | B5: Inicio | C5: 28 de agosto de 2026 | D5: Planeación | E5: Santiago Arias Mosquera | F5: Acta de constitución del proyecto | G5: Completado
A6: H-01 | B6: Cierre de fase | C6: 10 de septiembre de 2026 | D6: Planeación | E6: Santiago Arias Mosquera | F6: Esquema metodológico, cronograma, presupuesto y tabla de costos unitarios | G6: Completado
A7: H-02 | B7: SEGUIMIENTO 1 | C7: Del 21 al 26 de septiembre de 2026 | D7: Análisis | E7: Marlon Andres Campo | F7: Reporte de seguimiento 1: avance técnico, estado del presupuesto, indicadores, riesgos, problemas, acciones correctivas y gestión con el cliente | G7: En curso
A8: H-03 | B8: Cierre de fase | C8: 24 de septiembre de 2026 | D8: Análisis | E8: Santiago Arias Mosquera | F8: Matriz de stakeholders, historias de usuario, backlog priorizado y matriz de riesgos inicial | G8: En curso
A9: H-04 | B9: Cierre de fase | C9: 15 de octubre de 2026 | D9: Diseño | E9: Esteban Pineda Ardila | F9: Modelo de arquitectura, diagramas de actividad, diseño de base de datos y diseño de interfaz | G9: Pendiente
A10: H-05 | B10: SEGUIMIENTO 2 | C10: Del 19 al 24 de octubre de 2026 | D10: Implementación | E10: Marlon Andres Campo | F10: Reporte de seguimiento 2 con indicadores actualizados y matriz de riesgos revisada | G10: Pendiente
A11: H-06 | B11: Cierre de fase | C11: 03 de noviembre de 2026 | D11: Implementación | E11: Marlon Andres Campo | F11: Repositorio estructurado, patrones de GUI, estándares documentados y sprint backlog ejecutado | G11: Pendiente
A12: H-07 | B12: Cierre de fase | C12: 12 de noviembre de 2026 | D12: Pruebas | E12: David Mauricio Torres | F12: Plan de pruebas de usabilidad y reporte de pruebas de usabilidad | G12: Pendiente
A13: H-08 | B13: SEGUIMIENTO 3 | C13: Del 16 al 21 de noviembre de 2026 | D13: Implantación | E13: Marlon Andres Campo | F13: Reporte de seguimiento 3 e informe financiero de cierre | G13: Pendiente
A14: H-09 | B14: Entrega final | C14: 19 de noviembre de 2026 | D14: Implantación | E14: Esteban Pineda Ardila | F14: Prototipo navegable, documento completo, bitácora, evidencias, informe financiero y presentación ejecutiva final | G14: Pendiente

Sheet Gantt
A1: DIAGRAMA DE GANTT - 12 SEMANAS
A2: Cada celda coloreada representa una semana (viernes a jueves) de ejecución de la fase. Dos semanas consecutivas forman un sprint.
A4: Fase | B4: Líder Responsable | C4: S1 | D4: S2 | E4: S3 | F4: S4 | G4: S5 | H4: S6 | I4: S7 | J4: S8 | K4: S9 | L4: S10 | M4: S11 | N4: S12
A5: Inicio de semana | C5: 28/08 | D5: 04/09 | E5: 11/09 | F5: 18/09 | G5: 25/09 | H5: 02/10 | I5: 09/10 | J5: 16/10 | K5: 23/10 | L5: 30/10 | M5: 06/11 | N5: 13/11
A6: Planeación | B6: Santiago Arias Mosquera
A7: Fase Técnica 1 - Análisis | B7: Santiago Arias Mosquera
A8: Fase Técnica 2 - Diseño | B8: Esteban Pineda Ardila
A9: Fase Técnica 3 - Implementación | B9: Marlon Andres Campo
A10: Fase Técnica 4 - Pruebas | B10: David Mauricio Torres
A11: Fase Técnica 5 - Implantación | B11: Esteban Pineda Ardila
A12: Seguimiento (transversal) | B12: Marlon Andres Campo
A13: Relación con el Cliente (transversal) | B13: David Mauricio Torres
A14: Reserva X-01 (cambio regulatorio) | B14: Santiago Arias Mosquera
A15: Reserva X-02 (re-trabajo de usabilidad) | B15: Santiago Arias Mosquera
A17: HITOS DE SEGUIMIENTO
A18: Cortes quincenales | F18: S | J18: S | N18: S
A20: "S" marca la semana en que se presenta cada uno de los tres seguimientos obligatorios del proyecto.

Sheet Calendario
A1: CALENDARIO DE SPRINTS Y FESTIVOS
A2: Base del calendario: la entrega final es el jueves 19 de noviembre de 2026. Contando 12 semanas hacia atrás, el primer sprint abre el viernes 28 de agosto. Todo sprint abre un viernes y cierra un jueves.
A4: Sprint | B4: Quincena | C4: Apertura (viernes) | D4: Cierre (jueves) | E4: Días calendario | F4: Verificación
A5: Sprint 1 | B5: Q1 | C5: 46262 | D5: 46275 | E5: =D5-C5+1 -> 14 | F5: =IF(AND(WEEKDAY(C5)=6,WEEKDAY(D5)=5),"OK","REVISAR") -> OK
A6: Sprint 2 | B6: Q2 | C6: 46276 | D6: 46289 | E6: =D6-C6+1 -> 14 | F6: =IF(AND(WEEKDAY(C6)=6,WEEKDAY(D6)=5),"OK","REVISAR") -> OK
A7: Sprint 3 | B7: Q3 | C7: 46290 | D7: 46303 | E7: =D7-C7+1 -> 14 | F7: =IF(AND(WEEKDAY(C7)=6,WEEKDAY(D7)=5),"OK","REVISAR") -> OK
A8: Sprint 4 | B8: Q4 | C8: 46304 | D8: 46317 | E8: =D8-C8+1 -> 14 | F8: =IF(AND(WEEKDAY(C8)=6,WEEKDAY(D8)=5),"OK","REVISAR") -> OK
A9: Sprint 5 | B9: Q5 | C9: 46318 | D9: 46331 | E9: =D9-C9+1 -> 14 | F9: =IF(AND(WEEKDAY(C9)=6,WEEKDAY(D9)=5),"OK","REVISAR") -> OK
A10: Sprint 6 | B10: Q6 | C10: 46332 | D10: 46345 | E10: =D10-C10+1 -> 14 | F10: =IF(AND(WEEKDAY(C10)=6,WEEKDAY(D10)=5),"OK","REVISAR") -> OK
A11: Duración total del proyecto (semanas) | E11: =(MAX(D5:D10)-MIN(C5:C10)+1)/7 -> 12 | F11: =IF(E11=12,"OK","REVISAR") -> OK
A12: FESTIVOS DE COLOMBIA DENTRO DEL PROYECTO (no cuentan como días hábiles)
A13: Festivo | B13: Fecha
A14: Día de la Raza | B14: 46307
A15: Todos los Santos | B15: 46328
A16: Independencia de Cartagena | B16: 46342
A18: Las fechas de los tres seguimientos (21-26 sep, 19-24 oct y 16-21 nov) las define el docente y no se modifican.
